{"epoch": 52, "train_losses": [0.10392564450791343, 0.030708726081989837, 0.026687063178878225, 0.023804210291988783, 0.02209167164056937, 0.021165004836245345, 0.0200913975505645, 0.019254424541544586, 0.01841382685479706, 0.01778911750339162, 0.016948994962235068, 0.016542257312483984, 0.01661988183049108, 0.016218184450026492, 0.015612471506570434, 0.015529124733163062, 0.015034581385443101, 0.015130790434448389, 0.014834738733550654, 0.01439969186590571, 0.014698631215240433, 0.014304030543670776, 0.014410090495965833, 0.014028930036654817, 0.013908413293257297, 0.013833086169645015, 0.013581240197464326, 0.013913706955015074, 0.013649724395067408, 0.013491614153590382, 0.013307360331628522, 0.012957253409659376, 0.013670248526545544, 0.01302700652695153, 0.012853105580397609, 0.013189449026715925, 0.013077946442448349, 0.01323803620411116, 0.013237130600860259, 0.01287719009952777, 0.012999476111550726, 0.013022610941016224, 0.012698033725072526, 0.011745406299178106, 0.011772118173292628, 0.011707412336508365, 0.011818865938514675, 0.011616755421922958, 0.011812851669574211, 0.011299362466972475, 0.011609954844102674, 0.01175152183252374], "val_losses": [0.02266850435989909, 0.022098617384472163, 0.021554686059971573, 0.019860828168020817, 0.017589822298759827, 0.020455475900234887, 0.02034629526315257, 0.021420636789116543, 0.014635493520472664, 0.017881367813970428, 0.016190239421121078, 0.015384965265184292, 0.016846275866555516, 0.014210215502316714, 0.014383177971467376, 0.014935892122593941, 0.014824749439867446, 0.013125884101100382, 0.013532482314985828, 0.012578594263686682, 0.013908569591876585, 0.012528521598142106, 0.013376959876040928, 0.013189706034609117, 0.012962606193468673, 0.0119397134258179, 0.01215769378177356, 0.016403324145358056, 0.01133797100646916, 0.01332504414676805, 0.014792636957281502, 0.01106405872542382, 0.01270642202507588, 0.01347318665466446, 0.014779423747313558, 0.013307744571648072, 0.012115084422475775, 0.01164152913770522, 0.012993610609555617, 0.012436504739525844, 0.011670299298202735, 0.013411439618721488, 0.012662350445680204, 0.0127156118333005, 0.01220011041732505, 0.012419829123246018, 0.012148907978371426, 0.01294296219748503, 0.012316486101553892, 0.012938421461512917, 0.012093400211597327, 0.012612665495908004], "best_val_loss": 0.01106405872542382, "patience_counter": 19, "y_min": -1.6100000143051147, "y_max": 4.96999979019165}