{"epoch": 21, "train_losses": [0.47925773728028104, 0.4528426705526329, 0.4527899800083084, 0.45334429270617416, 0.4529470056194172, 0.4530613842284809, 0.45289171340568274, 0.45268820856355846, 0.45355284138597507, 0.45277437823785177, 0.452751511183076, 0.4527688090677884, 0.4527953483429285, 0.4527944607017765, 0.4528443733124767, 0.45279386633695456, 0.45280253807377413, 0.4571559061561146, 0.4528001353436641, 0.4527943606288114, 0.45272348765480286], "val_losses": [3.166864415382868, 3.1681836113638173, 3.166868181907361, 3.1669583939859876, 3.166902074073061, 3.1671086719843937, 3.1669584378060582, 3.1671255494723134, 3.166946677408459, 3.1669414670518914, 3.16692561530676, 3.166995277094359, 3.166905660637153, 3.1669668598060245, 3.1668998636528087, 3.167039007047424, 3.167065325132661, 3.166911614087943, 3.1669007148149273, 3.166939672126878, 3.167085169858183], "best_val_loss": 3.166864415382868, "patience_counter": 9, "y_mean": -3.197794198989868, "y_std": 219.7440185546875}